step,reward,data,time,max_time
790,-53.79087451464205,274.9163375553077,283.0,98.875
2354,-77.85907760652921,279.74295656094233,246.375,97.125
3918,-41.75480727846335,273.8447621162421,247.375,99.0
5440,-45.2834579953705,276.62257874078125,266.75,100.0
7040,-35.84500180980005,264.87686310498634,257.875,96.875
8631,-84.89596300875547,279.69841811928586,280.125,95.0
10231,-45.61141152794409,279.2582489992644,246.125,97.875
11828,-202.4370091098612,250.39429135070117,267.0,100.0
13428,-15.224283222383345,301.80256434496096,269.0,100.0
14950,2.3473170308886537,298.6550396464844,261.375,100.0
16501,1.4705143116799526,277.164001804375,262.75,100.0
18059,-29.58583994893673,289.97325729484373,248.125,100.0
19659,48.76195118926549,309.7573350550781,224.25,100.0
21248,-14.942790002129602,291.3199279868945,252.625,100.0
22848,-17.08737649292264,300.5827077183203,256.25,99.75
24393,37.242747758364565,317.3847830859375,227.875,96.375
25993,61.78732219693414,309.31454440421874,276.25,100.0
27509,117.24346331932357,336.01143584171876,213.25,96.5
29024,53.19130581670194,320.0396578614062,224.375,96.875
30573,177.81364405053688,360.35093125000003,228.25,89.25
31960,164.12533405580916,335.29629240624996,233.625,75.375
33167,155.74182718639366,329.59272262499996,217.375,94.125
34560,186.9106009827934,331.06153840625,202.0,75.0
35936,177.74094202682377,352.94162505937504,214.375,81.625
37258,137.93944971221984,325.3428939960937,201.25,82.125
38619,87.25574106131339,321.14489603693113,226.875,91.5
39937,80.47251427074563,332.8237967990716,233.5,86.5
41478,41.231203443710754,332.427466679993,234.5,85.125
42858,6.1156153198645065,306.44981376583985,235.75,90.125
44270,159.5452682029755,352.62314554687504,213.875,77.5
45609,103.28847974553605,329.236851671875,217.875,83.0
46874,173.03852993253076,341.73105625,200.625,68.0
47937,199.88623220467974,366.10834218750006,218.625,72.625
49095,139.3076081036831,332.8601004921875,194.375,89.5
50513,144.7650771788486,337.9377847644654,201.0,84.625
51684,220.24505920335844,356.06307879999997,227.25,68.625
52882,213.0636673589114,362.6597834375,221.0,81.25
54106,175.07383325350452,330.52005609375,209.5,75.75
55350,202.6334163643312,363.255625,210.5,65.75
56725,104.4714629523703,335.51929590625,210.0,81.5
57989,220.9221354631596,355.33025,174.375,60.125
59198,208.1733820655013,353.890075,198.75,72.25
60309,182.2456231540767,349.0004375,186.5,77.375
61599,195.84927495173002,347.1957103515625,198.625,66.5
63004,123.52525699018138,329.9132541205234,198.625,88.25
64255,212.20312807423903,358.863803078125,173.75,61.0
65466,136.43082560769,357.8555640625,185.75,88.125
66672,182.0822688610931,319.51798125000005,178.5,71.625
67972,214.69522559009658,339.47310921875,167.25,63.5
69009,223.94481598731494,367.4413125,180.875,58.0
70174,224.12047424580751,358.24843749999997,180.5,66.125
71220,228.78789896323443,355.7913587753907,175.375,54.25
72646,231.52396770772074,361.898125,171.5,56.625
74034,228.03207532177586,354.03562546875,174.5,54.375
75139,166.66854537946222,369.9307951164063,188.5,88.375
76509,74.97730049053337,340.4966458144375,189.5,84.125
77662,153.3510510801469,344.5356589004039,178.125,66.75
79131,166.27464593605927,339.2769585338774,172.0,62.125
80494,231.5562890813099,347.9476299246094,159.375,52.25
81904,231.1533006146404,377.26,180.0,59.125
83237,232.9177732062012,355.1490625,162.375,53.0
84404,223.1356714396262,363.30734375,171.0,57.75
85634,233.1604988378153,378.85,169.0,58.375
86976,233.89035774004353,355.334375,160.125,56.0
88250,234.24192638937149,381.481875,159.875,53.25
89559,226.60844390753516,367.91875000000005,166.25,62.25
90800,233.68538218232496,377.18125,170.0,51.5
92171,226.8553465663727,374.475,165.625,60.25
93584,234.5759786608141,367.58187499999997,152.625,47.875
94811,233.86623514848267,369.45000000000005,159.625,51.5
95834,142.34155261744723,358.3428038867188,169.75,85.125
96945,140.6501474483331,347.4853120866211,168.25,66.375
98345,225.39268359109423,366.11062499999997,175.875,58.625
99557,183.249068600914,364.7850330366832,155.625,69.5
101053,227.63694429493006,387.88125,165.625,57.0
102196,235.41609928841683,366.1484375,149.125,42.625
103666,177.15080946488973,347.6533276934922,153.0,63.125
105049,235.74842785767487,356.0990625,143.75,43.875
106177,219.60977133240743,357.58383234310406,142.25,48.625
107399,235.92376753095215,362.020625,144.0,44.625
108546,234.25894468232497,379.7875,163.0,53.25
109664,233.17254202348747,386.575,173.875,57.875
111075,206.44164890102195,370.73343750000004,163.625,73.125
112494,227.8686246126051,385.725,158.125,55.625
113938,179.5140993566916,380.35530893805367,159.0,74.125
115436,190.93792616335884,362.8725997755139,152.875,59.75
116494,222.27116938226675,337.9612539572638,142.875,50.125
117519,213.80193550843225,351.06765625,152.5,65.0
118627,200.07923019815752,367.94875,157.875,68.25
119879,214.76219575085014,385.32539062499995,151.125,68.0
120888,234.68341702348744,371.5,159.875,52.5
122427,220.0934863791175,366.92656250000005,165.375,69.75
123808,236.293179048209,378.80562499999996,137.625,42.5
124880,235.2792147714426,366.3625,151.875,49.5
125985,234.99874999999997,361.375,159.5,49.0
127106,236.44599961260508,370.00625,140.125,42.625
128281,236.66969878095216,350.3353125,137.875,40.125
129534,88.85303903894416,349.85736306918125,169.75,78.25
130730,214.85388249346514,343.1167286361471,163.125,51.375
131824,225.9462447638368,357.67655675398976,150.0,46.75
132991,234.90716708220526,385.33849999999995,151.0,51.5
134130,177.6122827984503,359.459588671875,170.5,88.125
135566,205.81821477144263,368.55,167.125,66.25
136766,228.2154877011073,375.5941875,148.25,51.625
138021,234.6326023895302,397.29342187500004,151.125,42.875
139239,228.037223569407,350.68718186774606,139.25,43.25
140267,213.32731891087775,364.32952597275846,151.125,45.75
141769,176.03521214135924,360.3320723688521,146.5,54.625
142844,216.21240945376758,374.325,140.875,61.75
143850,202.34956753095213,373.716875,150.75,60.125
145101,223.94285452348745,353.43125,140.0,55.0
146499,215.07594629172053,360.7792625,162.125,60.875
147840,236.2746090857705,374.7875,136.625,41.125
149034,233.93144121123228,380.83187499999997,165.75,54.625
150121,235.8511594537676,363.29999999999995,147.375,52.25
151392,226.55948357104273,371.46803021484374,144.5,50.25
152520,236.9419098411625,381.175,138.875,43.75
153555,236.48297234116248,390.06875,143.875,45.125
154872,235.52665680771852,368.4090625,148.125,41.375
156202,205.52175152692513,381.372515625,169.5,70.625
157247,206.50419429493007,369.98125000000005,166.0,71.25
158645,171.71081968232497,382.1625,172.625,77.875
159880,212.95626436464994,381.125,169.375,66.0
161263,222.2021590663727,385.58124999999995,166.625,64.0
162301,222.48640895909136,386.564375,161.875,63.25
163409,203.17512176521006,384.2603125,160.0,76.25
164619,215.53850640753518,364.32500000000005,165.625,69.875
165671,228.23131929493007,374.1875,165.0,56.125
166703,214.2616434632771,384.393125,164.75,62.0
167804,192.27563718225673,380.34124999999995,165.625,71.125
168818,234.70973478224886,363.102609375,153.25,53.5
170008,211.26664185929258,340.56718750000005,145.75,53.375
171289,203.27621273544057,371.66596875000005,157.125,64.875
172552,221.1868708296493,358.50269375,148.875,60.375
173872,206.6221328362292,371.7717891015625,154.75,75.625
174972,183.86377939626783,362.301321333153,167.75,81.75
176230,173.32502469630836,364.31542187499997,176.0,81.25
177471,219.15152747912953,383.9625055078125,170.5,65.25
178838,227.1979988378153,360.66875000000005,173.25,55.5
180206,236.0334367252102,360.16875,144.125,44.125
181439,226.84828445376758,385.20625,167.625,54.375
182685,232.94374457674417,375.2836,174.375,55.625
183823,176.5041184796403,349.5636211228516,170.75,76.75
185274,25.35637519213615,331.3126792274728,188.125,93.25
186860,118.68009809233209,351.09798923761093,172.625,85.75
188260,169.5003649995649,361.5961854590139,192.125,85.375
189656,55.71148517256644,336.50293674804686,179.25,96.75
191165,121.55567853788487,336.8241796482273,184.875,96.25
192616,232.47007791960596,359.1872148515625,166.375,56.25
194027,233.84264387006982,359.68875,167.75,51.5
195162,236.49657643978966,362.596875,140.625,42.75
196297,236.02625,375.875,148.0,45.125
197400,234.6658746126051,373.675,158.5,48.75
198449,235.1469992252102,378.61875000000003,150.75,48.5
199469,236.14859734116249,383.25625,146.375,42.625
200644,235.5561117058124,374.95625,149.75,49.0
201906,235.5212147714426,355.025,154.125,47.5
203186,235.2209098411625,381.3875,156.25,48.0
204431,235.45996438404774,382.15625,149.75,50.75
205751,233.94241762585017,373.838296875,164.0,53.125
206898,235.95226536582948,367.3496921875,140.0,43.125
208004,233.58920231076263,402.376,165.875,53.5
209176,236.56915984116247,358.2,141.625,47.75
210250,234.6639647714426,379.1875,160.625,47.5
211356,236.40556293576265,363.82323437499997,137.25,42.25
212506,234.48867954288522,380.65,158.5,48.875
213632,235.69428445376758,367.85,149.5,46.375
214767,235.48125,372.875,154.0,44.125
215854,234.98390984116247,375.75,158.0,51.125
217035,235.29874999999998,366.25,155.375,44.75
218098,235.5632381947151,378.5525,146.625,46.875
219289,235.76375000000002,372.875,152.125,49.375
220464,235.6873746126051,381.38125,147.875,45.875
221644,236.02721477144263,379.825,145.75,46.125
222656,235.80840984116247,381.4,150.125,48.25
223846,234.74140945376757,365.3,156.875,46.25
224997,235.36605787704005,382.0525,145.125,42.875
226069,235.64650718232497,373.1,150.75,47.375
227092,235.5384872326749,362.69937500000003,147.375,45.875
228225,235.67478484116248,369.20625,153.75,46.375
229539,229.1264996126051,354.38750000000005,152.0,56.75
230732,234.4454767967847,379.88440625,166.25,54.0
231923,235.01775679493008,388.73125000000005,154.125,47.75
233103,234.66918711260507,380.11875,161.125,48.5
234232,234.0549098411625,376.85,168.0,49.875
235470,234.46970871445666,358.77051406249996,156.125,41.125
236605,235.35281968232496,373.93125,152.75,44.75
237661,235.28715631965161,368.98812499999997,148.625,45.5
238743,235.66474895720526,363.886453125,144.625,44.0
240022,234.794014430917,385.5902015625,153.625,46.75
241037,235.146774565395,366.642703125,151.625,48.0
242084,235.72154202348744,376.94375,150.75,43.375
243164,234.39832819718458,365.049075,156.75,44.25
244333,234.3315180165124,371.3003125,161.25,49.0
245435,233.66926255095524,363.333890625,164.25,50.25
246668,232.65383421243112,371.1700580585938,159.625,46.625
247794,235.94453484116246,370.1875,149.0,46.0
248930,234.4659992252102,367.4,159.5,49.75
250018,235.35705454288524,377.25,150.875,47.25
251126,234.72484003932004,360.3171875,156.125,47.875
252242,235.22720147725505,368.5125,151.25,48.375
253428,235.5430348411625,360.55625,154.125,48.75
254480,236.03375,377.125,148.75,45.75
255494,230.63501114586288,361.97540233942556,152.125,44.375
256724,234.7461787112323,351.055,158.375,45.25
257827,235.60019468232497,379.44375,151.25,45.5
259029,236.3622147714426,379.8875,142.0,41.125
260122,234.19522530732021,372.89125,156.875,47.5
261302,232.85317954288524,390.3,177.375,53.5
262512,235.7973742252102,372.60625,145.875,47.75
263637,234.2272844537676,381.01875,165.5,49.375
264829,222.9585503623029,380.79829096874994,156.875,54.375
266131,236.4164305758822,356.5,137.625,42.125
267191,232.96984331579674,384.1003839375,157.25,49.625
268433,235.16332871123228,381.969375,154.75,45.125
269501,235.79613183942513,366.04915625,145.5,43.25
270557,234.58592660661475,380.77750859375,153.125,46.0
271736,232.05561978757737,393.802848046875,173.25,49.625
272904,235.77906449053165,367.880884375,140.375,44.25
274035,233.2841754246797,364.22670312500003,164.5,50.625
275138,235.54091793576262,367.11790625000003,147.875,44.375
276198,235.6488746126051,385.875,147.875,43.75
277333,234.74801484306445,369.67950105468753,146.875,45.875
278464,234.03198582685312,375.7205081640625,154.375,47.75
279583,234.72663481335016,384.236453125,156.625,49.0
280748,236.3624098411625,378.88125,144.125,43.375
281901,234.25685452348745,368.75,163.25,48.5
283011,236.68433977144264,342.5875,138.5,40.75
284120,235.9308121126051,371.06875,145.375,40.375
285169,235.70276218225672,365.78125,141.375,42.75
286568,236.8425,361.75,141.125,44.125
287680,233.29475854610962,371.8601859375,168.25,56.125
288840,229.70133256613227,370.0772795824463,168.875,48.125
290127,161.17537318780347,335.2469056557021,153.5,61.75
291218,120.29992556621418,347.654321875,195.625,71.25
292326,37.96634601944169,342.70879539407815,198.0,83.875
293574,171.44050340513255,349.7307933279824,172.0,67.125
294904,235.9708128073202,376.76625,141.0,42.5
296126,234.8350738572131,356.75,152.5,48.375
297349,235.02630415549035,356.6875,152.75,48.375
298531,234.3839840857705,369.65,157.75,48.0
299800,233.76858938404774,376.7375,170.125,51.0
300995,232.755,380.125,182.875,56.0
302226,234.6341090857705,374.29999999999995,156.0,50.375
303492,211.77762972379747,360.14779375,164.125,59.375
304951,229.2312848411625,362.50625,146.75,51.125
306085,235.40098408577046,366.2375,146.625,41.625
307291,223.35022827506677,377.0045,169.75,53.125
308357,215.03233392933544,349.9732625,144.25,40.375
309468,230.58379987365652,357.296875,156.25,50.25
310483,234.38709278414603,376.1375,147.0,46.75
311550,233.95156512530855,380.29375000000005,151.125,45.625
312711,234.99347719136793,354.0,144.25,42.375
313770,235.1412147714426,362.3875,157.75,48.125
314833,235.4049996126051,369.125,151.875,42.5
315960,236.19696477144262,366.8625,145.375,43.75
317011,234.6420897714426,382.0375,160.375,50.0
318221,234.68321399665285,385.15,154.75,49.625
319427,227.9953013893715,382.220625,160.375,55.375
320585,227.81025718232496,398.82500000000005,169.5,57.625
321742,234.89612461260512,375.48749999999995,156.25,46.25
322927,235.12571477144263,372.2,154.75,42.25
324079,233.97846477144262,378.3,166.375,49.25
325337,216.01472121378518,360.84847985200196,167.625,62.0
326670,234.70939831478967,356.6909375,160.125,47.0
327918,225.38741630939765,379.56343749999996,178.5,56.0
329261,218.80738755025385,357.54499999999996,181.0,61.75
330492,231.45567205967984,385.3067102570312,172.375,49.5
331649,227.57788179493008,342.82500000000005,163.75,54.375
332898,233.81173408577047,375.2125,162.25,48.375
334061,233.53448409855895,383.4375,162.0,48.625
335062,234.54807374993175,372.576875,152.375,46.0
336221,233.72814392693294,374.81874999999997,163.625,50.0
337323,229.0607219537676,374.03125,151.0,52.875
338487,236.82614431432785,356.26250000000005,134.25,40.375
339578,235.9964628073202,358.4975,140.5,42.375
340744,236.615,359.375,143.75,43.0
341927,235.36998408577048,375.8,148.875,46.375
343018,235.80386665549037,373.73125,144.625,42.375
344119,234.83701892693296,372.3875,152.75,45.375
345272,222.75108258816977,360.31206875,159.375,47.25
346295,230.89228169833922,371.0085,158.25,47.625
347422,227.97677133153894,357.6165175,141.375,37.75
348450,231.31930801645785,357.4585625,144.375,42.875
349677,232.9696477144262,378.11249999999995,159.75,48.0
350764,233.03001351101,361.21750000000003,140.375,41.25
351908,233.14318136625604,353.35875,152.875,48.125
352967,231.23330209311996,375.0525,153.875,46.75
354042,232.44000863114803,349.75593749999996,150.5,42.0
355162,231.98817978952852,371.67875,160.0,51.0
356278,234.400215386083,357.15375,144.625,39.875
357393,231.85873174705338,368.28625,136.625,40.75
358535,231.64594210223117,363.17875000000004,145.875,45.625
359647,231.6037282824526,365.87125000000003,154.375,49.0
360753,228.17972000904294,347.09875,150.375,53.25
361811,236.57092915549032,363.78125,135.75,42.5
362932,234.5657498592484,357.4375,137.25,41.125
364084,236.23326052556013,347.505625,135.875,40.75
365185,235.54727985020543,365.2975,140.375,45.375
366287,230.6410688697561,366.14024609374997,153.25,44.625
367359,234.29974273760035,354.0225,155.25,50.875
368451,233.50867954288523,377.3625,168.5,51.625
369557,228.0172400787628,360.765,148.0,50.0
370566,232.4014559412892,380.29324921875,149.625,48.625
371719,227.57269341391782,362.17228124999997,138.375,49.125
372750,233.54234738047296,361.6488125,151.5,44.25
373834,235.93867915549032,370.7125,141.0,41.5
374901,235.8729992252102,367.85625,142.875,45.875
376037,234.6467768840477,370.63125,159.125,49.75
377126,228.7831495519282,374.07375,147.25,49.75
378375,236.41,367.625,148.75,47.125
379487,234.10796698471495,383.7071875,154.125,46.75
380569,234.96535452348746,370.60625,157.625,48.75
381677,233.59951406630444,383.479375,156.375,47.125
382757,236.2279371126051,385.15625,143.125,43.25
383838,234.96721937037728,366.639390625,150.125,43.875
384974,208.6286254919787,375.11753536394633,162.25,59.625
386142,237.00593711260512,357.26874999999995,134.5,42.625
387335,234.3958234698182,360.6,152.5,47.375
388391,227.9919836415124,370.891875,156.5,51.625
389472,229.29192080521415,379.95936962307496,151.25,48.0
390661,235.02269896844686,356.00262499999997,151.0,44.875
391877,234.71683938404772,381.79375,159.125,49.125
393006,233.86167081098068,369.58124999999995,158.375,48.5
394194,236.05919429493008,363.93125,144.0,42.5
395211,233.86664273760033,365.89,158.875,45.0
396310,226.0107472804856,386.87624999999997,165.625,56.625
397399,234.53980454288524,386.8125,158.375,47.125
398525,235.00125000000003,377.75,158.125,47.0
399787,235.7971246126051,374.9,145.875,44.875
400921,209.0541865391109,374.69375,159.5,54.125
402007,234.43641324126082,375.43125,147.125,45.75
403195,217.46923695277337,344.675,141.25,42.875
404285,236.54955454288523,376.5875,140.125,41.375
405376,236.89942954288523,361.225,135.625,40.875
406504,233.21536938087382,375.07327870117183,155.5,46.375
407715,234.1380893840477,394.0625,164.5,53.5
408878,237.6236598411625,360.3875,131.5,40.25
409965,216.21182358133524,359.1142207232167,149.875,51.875
411095,220.4132173908912,348.9068010150411,144.625,49.25
412215,211.11482706594552,368.92499999999995,151.375,55.375
413425,235.03080454288522,376.0375,156.875,53.625
414637,234.99646477144262,381.9375,156.125,44.875
415652,236.055,385.75,149.0,41.625
416730,233.61326892693296,384.55,163.0,45.875
417777,235.9014719537676,369.13125,146.875,44.0
418825,229.3213123902101,357.850625,145.375,48.25
419969,235.1134845544396,357.10531249999997,151.75,49.25
421040,236.16712422521022,363.46875,141.0,47.0
422119,233.61048292358578,370.51874999999995,155.125,45.75
423220,233.1256059412314,357.763125,143.5,44.375
424264,235.0041306740476,367.18656250000004,144.75,42.625
425309,236.52972913609256,342.30625000000003,138.125,44.625
426453,235.09271438404772,357.7625,153.125,44.625
427595,234.24554619837556,370.93125,154.25,45.125
428677,233.68354531636317,392.7425,149.125,40.625
429988,233.23585796608944,373.20625,155.25,47.125
431044,232.04451965372863,356.80125,151.375,46.25
432227,230.8323530249831,353.981859375,148.625,47.125
433330,232.9560321912997,370.7425,155.0,43.625
434496,230.87510042378273,386.13800000000003,163.25,50.25
435591,230.5901985387297,370.46155172700196,157.5,44.25
436621,233.87107026325464,373.443484375,157.0,46.375
437666,236.29229752060206,356.06281249999995,139.5,43.0
438789,234.76800425616236,369.174375,152.5,44.375
439927,237.18057686464994,356.6,134.75,43.75
440986,236.07110413609257,369.6625,142.25,45.75
442157,235.4497496126051,386.825,152.375,45.0
443250,235.94950679493007,375.53125,145.375,45.375
444433,236.2529719537676,378.84375,142.25,40.375
445447,233.98981972458998,354.54599999999994,149.75,44.875
446467,233.81834462164807,373.13125,154.875,46.0
447523,234.7522534000983,369.7875,147.0,44.75
448759,233.632020793231,356.61219984375,153.25,46.875
449906,233.86684606604348,372.7579432285156,144.5,43.875
450982,216.72143615171598,365.3125,151.25,48.5
452153,215.16863401339154,364.77298259375004,151.875,46.0
453415,197.1554516554369,345.69962499999997,155.0,52.375
454648,187.15324666570055,348.06357625,145.875,48.125
455742,213.94590662928906,345.76625,143.0,44.875
456946,207.98365417840873,332.91878125,148.625,59.375
458095,233.9885730824233,382.94375,153.625,51.125
459265,235.65777610925792,360.55625,145.5,45.0
460308,231.65052495373124,370.96875,157.625,47.75
461494,235.2603393840477,362.625,155.75,47.5
462743,227.8108997781303,365.07482625,136.875,43.5
463896,225.41465988065465,347.22206316015627,143.5,51.375
465069,232.38960688146636,347.0348212890625,161.0,51.75
466239,209.9980511040186,354.19884375000004,142.125,46.625
467428,221.5263659888175,358.74684375,154.625,57.5
468478,235.1583951393715,370.07500000000005,151.875,46.0
469651,233.57776892693295,380.625,167.625,50.75
470777,236.56121438404773,355.55,138.0,44.25
471897,236.177569682325,360.70624999999995,147.5,47.375
472984,234.86250718232498,377.575,159.625,45.0
474170,236.6757147714426,358.0375,138.75,46.875
475353,218.16035477791127,354.2350984368944,158.0,46.0
476453,215.75824903911086,379.2125,159.375,48.625
477603,229.4375,370.375,153.375,53.5
478681,210.78589712765387,373.61480937439444,170.375,54.0
479935,214.67778524975148,365.889625,164.0,53.0
481056,216.00014500415162,365.90437499999996,157.5,52.5
482268,231.15351696117295,335.32078750000005,140.75,46.875
483442,234.78389353953807,373.35,150.25,48.375
484622,234.47224049330566,361.90000000000003,152.875,49.5
485900,230.80910740171322,385.93719535156254,170.25,52.125
487129,233.58853445376758,389.51250000000005,168.875,53.625
488245,235.16555750904297,376.04875,145.875,44.625
489323,235.97944468232498,368.25,148.125,45.5
490345,234.26501393978964,390.125,164.875,49.875
491422,228.26583087738015,363.46253125,150.5,47.25
492576,236.3105580267664,378.04,142.625,40.875
493693,227.90197554470853,373.2252079904797,144.625,43.75
494722,234.99618672521018,384.78125,152.75,44.375
495810,237.58390984116247,355.84375,132.0,41.5
496909,233.39843681625075,370.8676344804687,141.0,41.125
498017,234.52397952348747,373.425,162.375,52.0
499108,235.7006076393715,363.101875,147.125,46.25
500225,235.09339431432787,373.3375,151.5,48.125
501280,228.17050608084028,372.0296875,153.375,56.875
502474,234.34396696281055,361.58625,149.375,43.75
503692,235.08958462091994,370.446703125,147.75,43.625
504762,226.22016773760032,371.11375,167.625,56.625
505875,229.48139513937144,360.7625,139.375,47.875
506983,235.09249999999997,392.375,157.75,48.375
508020,235.073497798209,377.57375,149.875,44.875
509180,235.83640188404775,374.08124999999995,146.375,44.125
510280,235.10991123053398,381.67562499999997,149.25,44.5
511415,235.26642954288525,385.25,151.125,48.875
512501,235.70797913609258,383.5875,145.5,46.625
513616,233.05889095539789,386.96932431640624,157.0,48.0
514692,235.5658245325304,347.5625,141.5,40.5
515874,228.0165423502054,368.39625,152.375,50.25
517063,234.3852120519282,372.0875,148.375,47.0
518223,235.15050102137437,358.966875,143.75,43.875
519443,228.3610845900493,364.56981171875,145.0,51.125
520585,230.86159206478965,383.6684375,136.0,45.75
521796,237.00615984116249,367.25625,136.375,42.75
523187,234.6459098411625,385.16875,165.625,53.75
524424,235.02792954288526,384.82500000000005,157.5,46.5
525584,234.4276372326749,383.8465625,162.375,53.0
526807,234.22009695376758,380.4375,162.375,52.75
528088,234.6184996126051,379.325,161.625,54.25
529314,235.83060417739478,362.1803125,143.375,46.75
530629,235.78072018978966,371.3584375,147.75,48.5
531803,230.23804202348748,351.90625,139.625,50.875
532883,234.0109094537676,370.825,168.75,50.125
534160,235.61641029820902,373.70500000000004,146.125,44.0
535305,220.70888218232494,362.99375,177.75,62.75
536750,234.4484098411625,388.5125,171.25,54.125
538081,234.29494552676638,350.9575,166.75,55.75
539365,229.0880205267664,367.8875,146.875,50.375
540611,233.84789431432785,377.375,163.125,48.625
541865,234.5611795428852,376.875,157.875,52.375
543056,233.4806242252102,373.65,169.125,52.25
544237,235.01125000000002,363.625,159.25,51.375
545314,235.31926393978964,361.2,154.125,50.25
546590,235.91472195376758,354.76250000000005,149.75,48.125
547775,230.58542390439737,377.8602071363574,165.125,56.25
548955,235.27742643978968,381.9896875,156.125,46.125
550042,236.18744468232495,380.7125,142.5,44.0
551125,234.3506393646499,371.9,163.25,51.0
552254,231.39451787732924,373.10543056426417,142.375,42.625
553438,235.24783087596677,366.72256648437497,145.25,43.875
554658,232.71657953062766,352.20647272937987,147.75,45.0
555943,234.02242542417952,354.3178053925781,148.625,43.75
557085,235.7560344537676,353.3125,147.875,45.0
558300,232.35445961837306,376.6217102570313,155.25,46.875
559453,234.46848369837556,362.4,151.75,44.875
560536,233.83366343485466,366.5640625,155.375,47.75
561679,235.0600613378153,357.08125,149.75,44.125
562760,235.24021976133213,363.09375,140.625,42.75
563919,234.8120897714426,379.8625,157.375,50.375
565018,209.96987121389074,364.65,150.125,56.375
566121,236.57939971327713,355.2796875,138.75,44.75
567331,233.6467089294348,367.8371875,159.75,52.25
568544,234.8145128073202,363.6925,150.25,46.625
569652,235.54257246123228,359.273125,148.5,44.25
570870,235.74815232169644,350.0375,144.125,42.625
572057,228.63916364211775,375.846703125,145.125,52.625
573145,235.3502147714426,388.15,153.875,45.125
574217,234.45205454288524,394.2375,159.5,47.5
575374,235.6298473411625,351.53125,150.875,46.5
576523,232.91805340380643,394.056875,167.5,52.75
577754,234.815,371.625,160.25,53.375
578895,234.9800621126051,388.16875,155.375,45.25
579959,233.9076246126051,396.0375,166.125,48.5
581147,236.39712018978963,352.814375,142.125,41.25
582272,235.06494468232495,366.86249999999995,157.5,48.375
583441,235.32324961260508,380.1,154.375,49.25
584589,234.41848408577047,372.15,157.875,48.75
585747,233.887148412955,384.19,161.0,48.625
586783,236.66625,376.75,141.5,42.0
587890,235.94135332383738,366.55625,143.125,43.625
589060,236.08342303587756,352.435,141.25,50.125
590188,233.56351120087746,381.3728125,159.5,49.25
591315,234.40363936464996,387.39374999999995,164.0,50.625
592458,232.88853720906965,372.29240625,166.25,48.875
593609,233.11489784959474,381.74915625,170.125,48.0
594809,234.41800718232497,370.49375,166.25,48.25
596014,232.20731890753518,375.6875,183.625,53.5
597266,235.68517420581242,370.96875,149.75,48.25
598462,234.51681968232498,369.1625,164.5,48.5
599574,234.86875744436898,371.1875,153.5,44.375
600716,234.74538897725506,385.80625,155.25,48.125
601884,234.98474839355725,351.76375,152.0,48.875
602982,233.39977566499988,376.4965625,166.5,47.625
604101,235.0112764966528,375.28125,149.25,44.5
605211,234.4321514966528,387.9625,156.625,49.125
606322,236.26910452348744,346.4125,143.875,42.375
607503,235.67969468232496,372.35625000000005,148.375,46.625
608641,236.724257182325,367.7625,139.25,44.25
609715,234.77862605239477,383.33375,155.0,48.625
610912,229.0080969537676,368.20624999999995,146.625,53.75
612034,236.51494429493007,367.65625,140.75,43.625
613102,236.31375,372.0,145.125,43.625
614164,236.53146477144261,376.3125,143.25,46.875
615353,235.8322147714426,370.475,148.5,47.125
616539,235.18222952348745,381.525,156.375,47.75
617635,235.77542954288526,367.51250000000005,146.5,47.625
618855,234.68625,377.125,162.5,51.25
620074,234.76008938404772,378.99375,156.875,47.125
621175,234.54307866081413,378.85312500000003,154.375,47.125
622268,235.61815984116248,376.6625,152.5,49.375
623395,235.8966871126051,365.06875,147.0,51.5
624475,235.4373117252102,370.64375,147.875,43.25
625561,235.19958938404773,387.64375,151.125,45.5
626667,236.64951436464995,358.0375,139.0,40.375
627775,234.9082848411625,380.65625,159.5,46.625
628834,236.23250000000002,372.125,145.375,43.625
629970,235.84375,366.5,149.75,43.125
631044,235.39383212164805,357.01,138.75,42.625
632176,234.58576931432785,373.925,158.25,48.125
633354,235.19289431432787,361.0375,150.625,46.5
634546,234.93708977144263,375.5125,156.0,48.625
635688,234.9222999199253,359.17125,147.125,45.75
636802,231.9081058715798,372.62687500000004,164.5,49.125
637957,232.6404021913679,390.2825,166.25,49.875
639055,235.6675,373.25,152.375,46.0
640076,234.31119468232498,360.725,164.125,48.875
641258,236.68071477144264,370.225,138.5,42.125
642356,236.01665045704652,371.22125,141.5,40.75
643554,234.04528484116247,401.4875,166.25,49.5
644719,235.8,366.25,149.5,46.25
645836,236.70500000000004,374.5,141.625,41.75
646936,235.6433473411625,378.80625,150.5,45.5
648310,234.4382496126051,378.24375,161.25,47.0
649358,236.51475718232496,349.91875,140.25,37.375
650496,233.54046977137438,364.4975,167.0,46.875
651672,235.22119874993177,360.193125,149.375,44.875
652689,233.79419235020544,374.86375,159.75,44.25
653861,235.4952768840477,378.26875,151.375,42.625
655021,235.39392954288525,367.85,151.625,44.25
656170,234.91578484116246,369.0625,158.25,53.0
657360,235.71967954288522,368.8625,148.375,46.5
658518,233.1365340663727,375.6375,170.625,50.0
659629,234.9085629570465,378.13187500000004,154.75,49.375
660718,234.85398439309068,352.6725,143.0,43.125
661798,214.77585482434642,343.795591875,140.0,41.75
662908,209.4918205147217,344.07479,150.875,43.0
664015,176.14808209312568,332.01793625000005,149.0,43.375
665116,228.73062080149936,358.6157,134.75,43.5
666218,227.56382545752322,361.8514851699853,144.75,40.375
667422,231.22218004069975,388.33629458105463,172.875,53.75
668680,236.11669468232498,351.30625,149.5,47.375
669764,217.8258819962257,358.63125,145.5,44.375
670835,225.20084036039276,383.40451350350645,156.25,46.0
672024,227.40859921671478,375.42565625,157.625,53.375
673142,235.14121299513243,380.76534375,148.25,46.875
674325,235.1069402342847,373.296578125,152.875,45.0
675444,234.37323307390005,372.65632812499996,154.75,45.25
676454,234.8640484310226,371.31874999999997,151.125,43.25
677632,227.70145014925652,355.7124755921641,144.25,43.5
678666,234.67940984116248,373.1625,162.625,46.625
679762,231.18244719390717,396.74875000000003,185.625,55.125
680854,231.72757241505883,399.26150539111325,161.0,52.25
681965,233.15005338070054,374.25,167.0,49.75
683165,236.1335893840477,364.1625,143.625,42.75
684259,234.4274534041499,374.2692891015625,144.625,46.25
685349,234.49142876809543,360.2625,155.125,45.5
686421,236.78385452348746,371.44375,138.625,44.75
687572,235.35380464355725,347.499375,149.125,46.625
688633,235.99056968232497,361.24375,147.5,44.0
689715,234.2222614578851,376.9559375,154.625,43.125
690807,235.15976931432786,352.57500000000005,150.75,49.875
691954,236.0396598411625,367.91875,147.375,43.375
693112,235.2875,375.125,157.875,54.125
694269,233.90881929493008,376.95000000000005,168.25,50.75
695423,234.18317954288523,385.325,165.0,45.25
696662,231.82157297520067,352.77750000000003,168.875,48.5
697729,235.96958899665282,363.64374999999995,140.25,42.5
698830,236.25814431432786,369.5,138.875,45.125
699987,234.94783899665282,358.33125,151.0,48.25
701066,235.6111590663727,366.375,146.625,48.0
702138,236.03979920581241,373.1375,145.25,46.75
703267,236.04905829408952,362.2671875,139.875,42.25
704321,208.31289977802354,374.73625,170.0,51.875
705574,234.24013625340592,382.02878124999995,150.5,48.375
706629,232.75657026700438,382.31338828125,166.75,49.5
707764,232.9832493956876,376.1567391738281,158.375,47.875
708808,235.6244719537676,378.84375,148.375,42.0
709892,234.53965466295503,371.1046875,154.125,48.25
710941,234.95452819454712,367.45798671875,150.5,51.25
712016,236.2039098411625,372.71875,144.125,44.375
713113,235.93237422521022,339.475,143.25,41.125
714169,235.97517915549034,378.25,142.875,45.75
715251,233.96267876809543,381.63125,160.375,49.375
716296,236.50087461260512,360.39375,142.0,43.5
717368,234.54585869837558,390.1375,151.75,46.5
718419,234.68879273760035,376.60249999999996,149.25,45.75
719546,235.5539098411625,389.5,151.25,49.625
720579,236.4775,388.0,142.625,43.75
721685,234.57324961260508,395.29375000000005,159.375,51.125
722738,235.78274922521018,372.67499999999995,145.125,45.125
724034,235.74734734116248,374.28125,149.5,41.375
725092,235.4217673502054,361.7825,141.0,43.625
726343,235.2685973411625,388.28125,156.25,45.25
727424,235.8375193143279,370.05,144.0,44.125
728607,236.2778746126051,374.33125,142.625,42.5
729645,236.16508977144264,367.2125,142.625,45.0
730756,236.05331053587759,373.13,139.25,45.375
731868,235.19697952348747,380.7375,151.5,44.75
732973,234.4686598411625,385.7625,162.625,47.125
734011,233.44298369837557,386.775,161.25,50.875
735084,235.00071477144263,385.6625,156.25,45.25
736224,236.9933121126051,367.43125,133.625,41.25
737308,234.6398746126051,374.98125000000005,160.25,47.375
738460,236.1017496126051,380.125,144.125,46.25
739575,234.43396477144262,371.625,161.375,51.75
740624,235.6357958109807,362.55625,139.25,42.25
741651,234.49893294298357,358.6,146.875,46.125
742695,234.92845554492052,368.38125,138.875,40.625
743800,236.1124371126051,375.28125,143.375,41.125
744969,236.49134734116248,364.88125,141.875,42.125
746084,235.1109647714426,387.1,154.25,44.75
747247,234.64442954288523,375.5125,158.375,48.0
748337,235.6431090857705,371.5125,144.0,43.625
749531,233.45752979845602,363.4789665625,153.5,48.25
750713,236.9903393840477,344.05,133.875,44.25
751953,234.14889079281699,349.56062499999996,152.0,45.125
753424,227.8933559323154,359.38,144.125,49.375
754535,231.5748984091413,384.91625,164.875,53.5
755605,230.7461277700944,346.46524999999997,144.375,46.5
756795,230.0476321863592,364.54525,142.625,46.125
757926,232.08491697178522,359.33125,147.875,44.875
759024,234.3600040948134,369.28375,144.0,45.625
760100,233.67081696281053,364.045,154.625,48.0
761188,233.372951714888,376.31906250000003,156.625,44.875
762322,234.60920027760497,368.20375,151.5,50.875
763480,234.06758899665283,380.0625,160.625,50.0
764520,235.90549961260513,347.61875,146.25,44.0
765672,234.88526931432784,387.0375,151.5,45.375
766774,236.09747913609255,356.3125,142.75,43.125
767848,232.43464392693295,386.20624999999995,175.125,49.125
768907,234.567224595737,373.83781250000004,149.625,45.875
769984,234.94454235020544,379.01,143.25,45.375
771094,234.00756998964516,363.77875,157.625,49.0
772167,234.64281127713838,368.7075,139.125,41.75
773352,234.07977009028005,367.362578125,147.875,46.125
774432,233.69987944341275,359.28000000000003,158.75,45.5
775488,233.71352250122737,362.9603125,151.5,50.375
776550,234.80070108986013,368.4625,153.0,45.625
777637,234.13649088070053,362.63125,153.75,44.5
778733,217.49567431043516,367.29061606290946,163.5,45.625
779843,235.10778250904298,352.25,145.5,46.25
780884,234.0548586983756,375.825,158.5,47.5
781926,235.25842915549038,367.2,148.25,49.5
782997,234.7438742252102,372.44374999999997,156.5,49.25
784074,235.57375000000002,377.375,154.0,50.25
785178,236.30342954288523,363.4375,142.0,42.875
786258,236.1354371126051,373.41875,143.5,43.875
787363,235.35375,379.375,154.75,48.0
788547,236.015,372.25,147.375,46.5
789688,236.49215945376758,359.36875,140.0,41.5
790790,234.5690897714426,367.5375,162.125,55.25
791924,233.0179249199253,378.9475,166.375,51.25
793082,232.95275261256876,359.61375,144.25,44.25
794252,234.2166355824233,355.93125,152.125,44.5
795349,228.31280095569826,365.73512500000004,165.5,50.75
796376,229.99383768097675,378.866875,151.75,44.75
797421,226.40271028868216,358.1120796875,150.125,46.875
798525,220.05446796271366,360.754878125,158.625,46.625
799609,230.76537283444907,352.525,152.375,46.5
800731,230.52770260221394,372.481625,157.125,48.0
801814,232.2919155465094,373.69075000000004,145.625,46.75
802955,235.1050458109807,357.05,143.5,46.75
804031,234.41796923425318,377.74375,145.625,45.25
805121,232.18970696038272,364.7262125,148.5,43.5
806219,235.47684695376762,358.7625,151.875,48.625
807305,235.09703612210984,372.4615625,145.75,43.125
808393,235.29903445376758,378.5625,150.125,44.875
809612,235.33839308683758,351.334515625,147.25,42.25
810717,236.27853406637269,370.49375,138.875,43.875
811900,234.66166649915468,369.515,149.375,42.25
812958,234.97221505936506,375.2625,149.25,47.375
814056,234.94824419545756,367.36,144.875,44.25
815272,232.93388173425313,378.7725,161.5,55.625
816311,234.22801931432787,388.6875,159.125,47.375
817505,232.78182385721306,383.15,171.75,53.375
818641,233.01617962701326,377.279875,152.625,46.375
819723,236.35076931432786,363.8375,137.875,39.5
820848,234.26776735020545,372.07124999999996,152.625,47.0
822022,235.44342915549035,358.9,147.875,44.625
823225,234.21233938404774,370.2875,162.125,51.375
824345,234.98011540180306,356.67525,141.25,42.0
825610,235.7793742252102,376.19375,145.125,42.25
826708,234.82322801641152,351.21875,146.125,43.375
827845,231.40216403407192,360.6498206640625,157.625,51.625
828869,233.15079636875794,361.60562500000003,149.375,45.0
829906,231.1602475634462,350.40556250000003,147.25,44.5
831010,230.02740960759638,373.40375,154.75,51.5
832094,235.49164273760033,382.645,141.75,42.25
833189,235.25198584319776,352.87375,139.625,44.125
834254,233.9478819348837,358.05261640624997,146.75,45.625
835307,232.2314030696835,373.85850000000005,155.375,46.625
836397,235.01750362271517,353.714390625,143.0,47.875
837532,236.2018167528902,347.217359375,132.625,40.5
838732,234.5134489578851,381.3090625,151.375,47.0
839844,234.37906929493005,375.7625,159.75,49.125
840951,235.04508287704004,372.75625,149.875,50.5
842053,235.85124165549036,373.78125,144.125,47.25
843151,234.87755376809545,381.63750000000005,149.375,46.75
844389,235.0891343168297,359.169375,146.375,44.625
845520,233.0657250877763,363.4094901953125,146.875,43.75
846636,233.8158594162237,353.47968515624996,155.5,53.375
847820,234.09259255598116,371.26959375,154.0,46.875
848877,236.60554121123226,358.34875,137.75,40.375
850077,236.26933977144262,374.7125,144.125,45.125
851249,233.8924779661577,377.7375,160.125,49.875
852330,233.25672009031717,382.90156249999995,162.625,52.0
853510,232.75683644209585,362.2966546875,151.25,45.625
854553,230.22434024778772,358.5499375,149.25,44.375
855589,231.94307403366977,364.83740624999996,147.125,47.75
856710,233.55102173524762,350.14373359374997,143.0,45.25
858006,227.80237733648772,363.1461875,150.875,45.25
859131,230.8918853387142,345.68143749999996,152.25,46.0
860252,235.74837605239475,377.20375,146.0,50.75
861306,235.21749961260508,374.3,153.75,49.5
862486,236.12947952348745,367.6125,143.625,45.5
863591,234.70817876809545,367.76875,153.5,48.875
864631,235.28875718232496,374.78125,155.375,44.875
865725,236.0160973411625,361.60625,147.125,43.625
866877,236.00962461260508,374.075,144.625,43.625
867986,235.56224311718444,368.219375,144.875,46.5
869069,234.63104028010682,359.6140625,145.625,43.0
870178,234.45383177806198,375.68625,148.5,42.875
871295,234.10970006965164,387.8025,158.875,47.0
872347,233.7265658679608,375.69525,143.875,43.75
873523,224.45125109367544,364.54464375,163.25,48.375
874605,220.4056679329716,349.40142268750003,140.875,41.625
875695,225.8730415362437,356.2358,161.125,47.625
876845,232.0369112395674,357.026875,152.0,50.125
877861,225.66128441123897,366.59967500000005,155.125,45.625
878915,227.61578039441252,357.59619999999995,150.0,47.375
880004,231.9437074345778,362.51075,155.5,48.375
881169,233.9176085267983,360.74462500000004,143.875,45.625
882366,233.19715510222346,355.64937499999996,148.75,46.25
883580,232.24394292968503,349.108578125,141.25,42.875
884808,233.94450767351168,375.281390625,147.625,48.0
885868,236.07657530732018,355.30875,136.875,44.875
887007,234.09642222164496,367.251,162.375,46.875
888041,234.29869190594738,379.844375,154.875,51.875
889180,232.94976147256395,362.6232609375,165.75,51.375
890274,234.71175800968462,365.148071875,151.0,48.0
891419,235.97411223069267,343.09434375,137.5,43.5
892525,232.3186347759474,367.97060625,153.0,45.5
893705,234.67909923799868,372.39,153.125,46.5
894895,234.20327524987724,384.7141984375,154.375,46.375
896029,235.25497545704653,371.16499999999996,150.625,47.625
897095,235.50067954288522,371.4875,150.25,45.125
898272,234.66258048799864,362.12093749999997,154.0,49.25
899473,233.19707868204404,380.1341276953125,155.375,47.0
900555,233.15065911181776,363.72942403916016,146.5,49.0
901643,235.92805202602193,366.3203125,142.25,44.625
902783,232.92573368826507,361.147,154.75,45.75
903876,234.188240386083,378.08750000000003,143.375,43.875
904891,232.63611047520067,370.125,162.875,54.875
905949,234.42601842199798,357.068125,144.375,43.625
906960,229.03830813445194,360.5924046875,159.5,45.75
908065,234.695810216253,367.2961875,147.75,44.75
909279,235.69488179493007,373.53125,146.25,50.375
910338,235.78290188404773,350.23125000000005,146.375,41.375
911499,236.78025364470523,353.36954687499997,131.75,40.375
912635,235.75909746123227,361.77531250000004,146.875,41.0
913683,234.26175664160428,361.06235468750003,151.875,46.0
914760,235.30449043644248,373.086875,145.125,45.125
915909,233.21377324515458,374.76389296875,156.25,48.625
917188,232.97060251739325,346.5477796875,142.875,45.625
918414,231.5532448209924,372.6095938671875,159.75,50.25
919476,232.17421116991574,372.6525,158.625,48.25
920577,234.13578173425316,380.7,147.875,43.75
921673,232.13677909481342,380.73375,167.5,55.375
922832,231.5532734069579,348.29523140625,154.5,48.25
924000,225.99546674749934,352.1381228907129,154.875,47.0
925119,233.9766336065381,356.10387499999996,144.75,44.25
926165,235.29492838070055,364.06875,143.25,41.625
927270,235.73971399665282,356.4625,143.0,45.375
928411,235.0849363378153,346.7375,149.375,47.375
929456,235.42594993083242,371.907125,141.625,45.5
930549,232.73977145629817,368.2592798632813,141.0,46.875
931666,235.87105548799866,373.305,139.0,42.875
932822,235.79740984116248,352.7,150.0,50.125
933969,233.21915016949015,342.06850000000003,136.5,40.375
935107,235.2035344537676,353.2625,154.125,49.375
936287,234.92772524664326,339.6775,137.75,39.875
937399,231.15149338598798,363.58887500000003,151.5,47.75
938469,223.32869958350398,348.0172457895263,150.625,44.75
939479,231.1663657747742,357.9168684028076,147.0,44.875
940531,233.5618370935312,380.70833281250003,151.625,43.375
941624,235.5185348411625,370.4125,153.375,51.0
942806,234.1019662112323,389.606875,163.5,50.0
943963,233.3887273602042,380.10425816406246,157.375,49.0
945038,235.0187921124775,380.29975,150.125,45.5
946111,235.18040188404774,368.44375,151.625,47.25
947214,236.2971017767664,385.849375,140.375,40.875
948328,234.92755296615772,368.71750000000003,150.625,48.0
949511,234.89192954288524,382.4625,154.375,50.375
950687,235.47376931432785,374.0,147.375,46.25
951780,235.39730415549036,342.11875,147.25,44.5
952914,232.917527910846,374.7495,149.0,47.25
954013,234.26930338070053,382.80625,152.375,49.75
955177,234.43989431432786,387.6875,158.25,51.125
956351,235.39367832383738,369.09625,145.375,47.625
957469,236.9753117252102,343.49375,131.25,40.875
958533,236.74875,372.5,140.0,43.25
959640,235.42249999999999,372.75,156.25,52.625
960815,235.42578445376762,368.05,151.5,46.875
961903,236.1170621126051,360.15625,145.625,47.0
963007,234.62590791930984,356.9081875,145.25,45.25
964025,235.61479196281053,354.47625,136.0,41.375
965119,231.31923181369316,387.23349765625,156.75,45.375
966259,232.68538353585078,391.039125,160.375,51.875
967317,236.3900893840477,358.95000000000005,138.625,45.5
968484,235.46526931432788,368.475,147.125,44.125
969583,232.86195939298517,366.92770201562496,159.875,47.875
970756,235.26865945376758,370.69375,150.5,54.75
971846,234.8849723411625,384.38125,160.125,52.625
972982,230.67964505947393,372.0583544061914,144.75,43.375
974089,230.28852324896866,373.7531929354492,158.375,46.5
975173,235.58599629904757,347.8490625,138.75,38.375
976303,234.62029728048554,376.22875,146.625,50.125
977438,235.70871399665282,361.96875,143.5,47.0
978558,235.3320973411625,381.93125,155.0,48.125
979655,236.46702364265042,353.33875,134.125,41.125
980725,233.93233395461772,390.918015625,160.5,49.625
981859,235.7514273915124,360.16781249999997,142.25,44.375
982949,235.7495040986272,379.205,148.5,48.25
984122,236.32249121123226,376.82437500000003,139.25,42.375
985253,234.9231594537676,389.2125,156.5,51.5
986369,235.6669295428852,392.1375,146.125,43.875
987425,235.90853445376763,351.88125,146.75,43.375
988602,233.70519901694487,372.82437578125,143.875,45.0
989683,229.51585506507692,352.048614140625,146.875,47.875
990856,235.39751931432784,370.3875,147.125,48.75
991919,235.68489431432786,371.4375,147.25,48.625
993044,227.8257128473729,359.4579625,141.375,44.75
994228,233.9848238572131,367.8375,158.25,47.5
995433,235.08690750904296,344.145,144.875,46.75
996554,236.71565984116248,378.575,140.875,45.625
997627,235.5445621126051,367.08124999999995,147.625,46.5
998699,235.73135787704007,364.95875,142.875,43.125
999842,223.2854666278269,360.828225,148.625,50.25
1000912,221.19416853086807,341.73195,139.25,45.125
1001933,229.9561749306271,327.653625,132.75,39.25
1003264,231.52594567320935,358.77862500000003,141.875,43.625
1004363,235.99234624341702,382.6700625,141.125,41.0
1005553,234.25618023802983,357.3710625,148.75,44.625
1006656,211.2085525872193,366.319136981709,163.375,48.25
1007765,234.84090787704008,378.33875,151.625,42.375
1008895,236.22595707315753,366.34178125,140.875,46.375
1009984,234.84871477144262,362.95,156.875,49.5
1011091,234.81125,394.625,160.875,49.75
1012102,236.4341628073202,356.32375,136.0,41.375
1013245,214.05072381637711,354.83044359375003,163.125,55.625
1014332,229.53088973155562,361.5963125,149.875,44.75
1015342,232.97148182330255,373.435,152.25,44.125
1016454,235.2070344537676,391.3125,152.375,44.5
1017460,235.8433121126051,364.75625,148.125,47.25
1018529,234.87895780985946,375.9878125,152.625,48.75
1019537,235.6878264520302,380.510015625,140.875,40.5
1020682,236.43375,375.125,143.875,47.0
1021756,233.89676892693296,387.325,159.125,50.625
1022799,233.18568549179287,349.08483750771484,128.375,44.5
1023847,233.96595921587547,336.48218671875,138.875,39.75
1024934,224.7280304802547,377.58061258101196,155.25,49.75
1026019,233.83626499315199,383.26846875,153.5,44.625
1027068,234.1939008668885,350.277382484375,134.375,42.375
1028160,235.50633099865618,367.17790625,142.25,46.0
1029185,235.7231246126051,382.7,148.875,42.875
1030209,235.71446477144264,372.8875,149.375,46.375
1031303,236.27906172521023,379.94375,140.75,44.875
1032426,233.03482460091593,376.4001412109375,146.375,45.25
1033585,205.13964033076607,337.04833659291086,151.0,51.25
1034648,236.48422913609255,364.64375,137.375,42.625
1035703,233.85399961260512,403.45625,167.75,50.25
1036759,233.97972732169646,366.28625,160.875,46.625
1037824,235.94799388813738,362.65625,144.375,46.0
1038949,215.6970625210446,362.5070600324698,153.375,50.75
1040115,203.95309113449437,359.44971423641107,149.25,51.25
1041226,235.64514037070666,366.1763859375,142.625,45.5
1042356,236.81800718232495,361.15625,139.0,40.75
1043428,233.97802688404772,357.13125,163.25,50.875
1044521,233.9819442949301,391.48749999999995,164.5,45.625
1045586,235.0628397714426,371.5375,154.875,47.75
1046733,234.6840344537676,382.76250000000005,158.0,49.0
1047816,236.754882182325,358.21875,140.25,45.125
1048873,236.89496477144263,380.575,137.125,43.25
1050001,233.987315971645,374.2359375,163.125,54.25
1051166,233.433086041585,360.18333850195313,142.375,41.625
1052291,234.21052291075955,383.2789359375,154.25,48.75
1053354,233.67545238175603,386.012809375,152.5,48.25
1054465,235.6320893840477,391.09375,148.875,45.625
1055786,234.90179417739,380.7075,146.875,45.375
1056902,235.52464139185452,386.31061015625,146.125,46.125
1058080,236.78194468232496,361.58125,139.375,44.125
1059153,236.3456525787628,364.43,133.5,44.25
1060315,231.05467153379504,366.70719453125,141.75,45.75
1061421,224.83688189783007,369.6788392486328,140.375,49.875
1062692,232.4359788658964,354.62918125,146.75,41.0
1063698,235.89580074524488,373.998303125,135.625,42.375
1064779,233.80538847662245,345.7648307989258,141.5,43.625
1065964,231.7308657423869,374.37576371093746,154.875,53.875
1067099,232.11085220661693,337.7778847222461,128.75,40.125
1068199,233.9449149367739,357.796371875,139.625,44.625
1069315,233.07275331672736,353.16729808593755,142.5,43.0
1070478,235.75836363116235,372.29156250000005,143.0,44.0
1071658,233.35105930789388,377.0252594472656,154.5,46.75
1072787,235.12154726108778,382.04375,144.875,45.5
1073858,234.3664540405384,367.476223671875,147.5,46.75
1074990,234.89189092320424,355.218125,145.0,48.0
1076102,235.9843025787628,373.445,136.375,39.5
1077290,231.23689672151335,383.354,163.25,56.125
1078372,236.5671598411625,374.85,142.625,45.875
1079525,235.77351892693295,367.1875,141.0,43.0
1080619,234.45074532358774,372.4538125,141.125,40.75
1081663,235.88196477144263,386.85,147.875,45.5
1082722,235.6816233524946,360.400625,135.875,41.0
1083727,234.81308899665285,377.325,153.5,45.5
1084849,234.2820468930907,394.46125,147.5,47.75
1085850,234.78465030732022,372.77,151.625,48.875
1086923,235.1608469537676,392.0375,153.75,47.5
1087996,233.06794528596805,361.70571875,160.625,47.5
1089131,235.18805415549033,383.74375,153.75,45.625
1090236,235.64289431432786,372.1625,155.0,48.375
1091421,232.92565349285584,362.011875,164.0,50.875
1092677,235.1243113378153,379.4375,149.5,46.0
1093699,237.0560348411625,356.4125,137.25,40.375
1094724,235.77346477144263,382.075,149.875,45.125
1095837,227.21844776111382,340.38856250000003,169.5,61.25
1097019,228.55873186629924,364.578625,161.875,48.875
1098417,230.94325717731624,364.6415,153.5,45.25
1099523,234.8458491645333,362.0325,141.25,42.125
1100539,234.1981714488326,372.515,150.25,47.375
1101653,235.54374348267493,376.8075,145.25,42.0
1102773,235.89705415549037,376.6125,142.875,42.5
1103855,235.9341246126051,387.32500000000005,145.5,44.25
1104915,235.8425,378.25,150.375,44.5
1105983,234.94008938404772,367.00625,154.375,49.75
1107061,235.3827878879472,356.6784375,148.125,42.25
1108274,233.8127210374239,384.02621875,162.375,54.0
1109490,235.90822195376757,365.18125,144.25,41.625
1110536,234.6526700647581,355.23518750000005,135.125,41.625
1111639,233.88866419675037,350.975,146.875,45.875
1112722,232.91065722517385,363.588,142.5,42.375
1113878,226.76482572806387,348.45668750000004,142.0,42.625
1114909,230.49114886792444,358.486625,146.375,44.75
1116047,234.72178296608945,377.4225,142.625,44.375
1117086,232.85019381094435,357.50275,135.375,41.25
1118115,234.11795396819298,345.18875,144.125,47.875
1119293,232.76101538608302,387.07624999999996,158.125,47.375
1120363,232.8771077410976,367.65396875,146.25,46.375
1121419,234.471481613387,361.64398437499995,145.5,42.75
1122536,234.45061008780576,373.19000000000005,138.0,43.25
1123605,235.08360750904293,377.25125,142.875,43.25
1124653,228.28871711733203,370.966825,152.875,47.125
1126027,234.22381203253042,363.19875,152.0,49.875
1127137,235.25435485020543,360.25124999999997,142.75,45.625
1128291,234.9866234504204,365.13125,148.375,48.125
1129474,232.19012998950868,364.7125,156.75,47.0
1130598,231.34310152237873,350.9482784375,137.0,45.125
1131666,228.5216470856772,366.5185,148.25,44.625
1133027,229.92737334854388,362.84574999999995,153.875,46.375
1134216,233.72565163607348,333.26750000000004,133.75,44.5
1135243,231.4372540964818,363.96062500000005,136.875,43.875
1136325,236.58621438404774,350.875,137.5,44.375
1137693,236.6796246126051,366.75,139.5,39.375
1138789,234.84342915549033,371.26874999999995,154.625,49.625
1139962,230.45300235899015,358.87725,135.125,41.625
1141118,221.91085668477103,347.755413125,145.5,48.375
1142258,232.44828273628843,355.0,149.75,43.875
1143284,233.5915348411625,390.9125,172.0,54.5
1144362,235.37877688404774,381.71875,151.625,45.375
1145529,235.3722347942416,345.789625,132.0,42.0
